id;nombre;primer_apellido;segundo_apellido;edad;estado_civil;sexo;telefono_celular;telefono_fijo;correo_electronico;direccion;cedula;fecha_ingreso;fecha_salida;foto
1;mobile Fish;Home Loan Account Table Computer;Trace;Savings Account alarm;Tasty Metal Bacon;red Chips Soap;Home Loan Account;web-readiness;Namibia;Steel zero administration;Multi-channelled Licensed;2019-12-14;2019-12-15;Cambridgeshire Mississippi
2;HDD;Table Small Frozen Sausages Planner;envisioneer Music Public-key;infomediaries;Investment Account;Games Regional Digitized;copy convergence;Mayotte;Industrial;connect Markets Chief;capacitor archive;2019-12-14;2019-12-15;Tasty Plastic Pizza scale
3;South Georgia and the South Sandwich Islands;compelling mission-critical;bifurcated scalable;Small;deliverables reinvent 24 hour;overriding;monitor 1080p Checking Account;world-class Frozen IB;Highway Ergonomic;moratorium moratorium;New York tangible Mississippi;2019-12-14;2019-12-15;bus synthesize Idaho
4;Networked Sleek Metal Table Small;Intelligent Outdoors;Harbor Montana;Corporate Phased relationships;white Brand Money Market Account;Salad Web virtual;Refined Squares;maroon;EXE projection Fresh;support Gorgeous;withdrawal;2019-12-15;2019-12-14;SQL Games
5;Iraq Bedfordshire;Concrete 24/7 Directives;sky blue;Kenyan Shilling robust;Versatile Exclusive Moroccan Dirham;capability zero tolerance Computers;Analyst paradigms;encompassing;deposit Canadian Dollar Lebanon;Designer Persistent;Handmade 24/7 Re-contextualized;2019-12-14;2019-12-14;invoice withdrawal
6;bypassing optical;installation;Argentine Peso;Kentucky Algerian Dinar Clothing;open-source turn-key;Sausages;disintermediate Cambridgeshire hacking;bricks-and-clicks Concrete Global;Fiji Dollar Profound Bacon;Macao Equatorial Guinea Vision-oriented;Agent;2019-12-14;2019-12-14;deposit B2B cross-media
7;programming SCSI drive;invoice Unbranded Cheese;New Zealand Dollar Alabama transform;invoice Home Gloves;Buckinghamshire Ports;Devolved driver Networked;Fish;payment calculating;local area network Benin;turn-key dedicated;Wisconsin;2019-12-14;2019-12-14;Human withdrawal
8;dot-com payment Libyan Dinar;white sensor local;calculate;Chips;Villages uniform PCI;Automotive Tactics architectures;Wisconsin Facilitator Incredible;reinvent;eco-centric Bedfordshire mesh;Configuration UIC-Franc;Ergonomic Concrete Soap Zambian Kwacha;2019-12-14;2019-12-15;Bedfordshire
9;portal calculating Metal;real-time discrete redundant;Synergistic Personal Loan Account Sleek;Borders;olive Handcrafted Cotton Bacon Unbranded Fresh Pants;incubate;interfaces;Garden Dale Wallis and Futuna;generating;Computers Small Fresh Gloves back-end;interface;2019-12-14;2019-12-14;lavender
10;Club backing up;Iran;Philippine Peso Metal;Strategist;card Licensed Cotton Ball;mindshare Gorgeous;Chips;navigating;Som Rustic Frozen Keyboard ROI;Benin;Tuna Response invoice;2019-12-14;2019-12-14;Jamaica Credit Card Account
